Produk (Label),Kategori,Kelas Harga,Performa,Durasi Endap
Bahan Voal Polc Bahan,Bahan,Ekonomis,Laris,Baru
Bahan Voal Polc Bahan,Bahan,Ekonomis,Macet,Lama
Bahan Katun Mc Bahan,Bahan,Standar,Sedang,Normal
Bahan Katun Pre Bahan,Bahan,Standar,Macet,Lama
Bahan Sutra Bar Bahan,Bahan,Premium,Macet,Normal
Bahan Sutra Bar Bahan,Bahan,Premium,Laris,Baru
Bahan Sutra Tist Bahan,Bahan,Premium,Macet,Normal
Bahan Satin Karc Bahan,Bahan,Standar,Laris,Baru
Bahan Tenun Ka Bahan,Bahan,Premium,Macet,Normal
Bahan Kain Jagu Bahan,Bahan,Standar,Macet,Normal
Kemeja Pria Marina,Kemeja,Standar,Laris,Baru
Kemeja Pria Marina,Kemeja,Standar,Sedang,Normal
Kemeja Pria Marina,Kemeja,Standar,Macet,Lama
Kemeja Pria Marina,Kemeja,Standar,Macet,Lama
Kemeja Biru Dor Kemeja,Kemeja,Standar,Laris,Baru
Kemeja Biru Dor Kemeja,Kemeja,Standar,Sedang,Normal
Kemeja Full Mot Kemeja,Kemeja,Premium,Macet,Normal
Kemeja Putih Tu Kemeja,Kemeja,Standar,Laris,Normal
Kemeja Lengan I Kemeja,Kemeja,Standar,Macet,Lama
Kemeja Kombinasi Kemeja,Kemeja,Standar,Sedang,Normal
Tuwik Wanita Pi Blus,Blus,Standar,Laris,Baru
Tuwik Wanita Kt Blus,Blus,Standar,Macet,Lama
Blus Karawo Kar Blus,Blus,Standar,Sedang,Normal
Blus Lengan Terc Blus,Blus,Standar,Macet,Normal
Blus Motif Bunga Blus,Blus,Standar,Laris,Baru
Tuwik Model Ka Blus,Blus,Standar,Macet,Lama
Blus Siffon Kara Blus,Blus,Standar,Macet,Lama
